{"_step":1,"_wandb":{"runtime":11},"Model_A_Raw_Data_train_loss":1.0591340959072113,"Model_A_Raw_Data_val_accuracy":0.8333333333333334,"_timestamp":1.7294870667809563e+09,"epoch":1,"_runtime":11.769696608,"Model_A_Raw_Data_train_accuracy":0.49800796812749004,"Model_A_Raw_Data_val_loss":0.38021769444458187}