{"Model_A_Raw_Data_train_loss": 0.2084747664630413, "epoch": 5, "_timestamp": 1729376531.1759567, "_runtime": 294.768994808197, "_step": 59, "Model_A_Raw_Data_val_loss": 2.8277454723914466, "Model_A_Raw_Data_val_accuracy": 0.696969696969697, "Model_A_Bilateral_Filter_train_loss": 0.14165861066430807, "Model_A_Bilateral_Filter_val_loss": 0.11385158201058705, "Model_A_Bilateral_Filter_val_accuracy": 0.9393939393939394, "Model_A_Canny_Edge_train_loss": 0.32643961533904076, "Model_A_Canny_Edge_val_loss": 2.840576965320603, "Model_A_Canny_Edge_val_accuracy": 0.36363636363636365, "Model_B_Raw_Data_train_loss": 0.19368497002869844, "Model_B_Raw_Data_val_loss": 0.7266303102175394, "Model_B_Raw_Data_val_accuracy": 0.6666666666666666, "Model_B_Bilateral_Filter_train_loss": 0.22878390084952116, "Model_B_Bilateral_Filter_val_loss": 0.3458842684825261, "Model_B_Bilateral_Filter_val_accuracy": 0.8939393939393939, "Model_B_Canny_Edge_train_loss": 0.7664447724819183, "Model_B_Canny_Edge_val_loss": 1.396519124507904, "Model_B_Canny_Edge_val_accuracy": 0.5454545454545454, "_wandb": {"runtime": 293}}