{"Model_A_Raw_Data_train_loss": 0.5304158197508918, "epoch": 5, "_timestamp": 1729368218.9945173, "_runtime": 385.4045932292938, "_step": 59, "Model_A_Raw_Data_val_loss": 0.5157879053834168, "Model_A_Raw_Data_val_accuracy": 0.8181818181818182, "Model_A_Bilateral_Filter_train_loss": 0.37000810721563915, "Model_A_Bilateral_Filter_val_loss": 0.40982944715548963, "Model_A_Bilateral_Filter_val_accuracy": 0.803030303030303, "Model_A_Canny_Edge_train_loss": 0.6446301804648505, "Model_A_Canny_Edge_val_loss": 9.301814082745546, "Model_A_Canny_Edge_val_accuracy": 0.3939393939393939, "Model_B_Raw_Data_train_loss": 0.6445964607927535, "Model_B_Raw_Data_val_loss": 0.62796130250482, "Model_B_Raw_Data_val_accuracy": 0.7575757575757576, "Model_B_Bilateral_Filter_train_loss": 0.5156380141538287, "Model_B_Bilateral_Filter_val_loss": 0.533203634488232, "Model_B_Bilateral_Filter_val_accuracy": 0.7727272727272727, "Model_B_Canny_Edge_train_loss": 1.125927313925728, "Model_B_Canny_Edge_val_loss": 0.7081116657046711, "Model_B_Canny_Edge_val_accuracy": 0.696969696969697, "_wandb": {"runtime": 384}}