{"Model_A_Raw_Data_train_loss": 0.038429800886660814, "epoch": 10, "_timestamp": 1729378132.0974562, "_runtime": 458.94378423690796, "_step": 119, "Model_A_Raw_Data_val_loss": 0.12913290224969387, "Model_A_Raw_Data_val_accuracy": 0.9090909090909091, "Model_A_Bilateral_Filter_train_loss": 0.03819978516548872, "Model_A_Bilateral_Filter_val_loss": 0.08544967696070671, "Model_A_Bilateral_Filter_val_accuracy": 1.0, "Model_A_Canny_Edge_train_loss": 0.2546159327030182, "Model_A_Canny_Edge_val_loss": 0.374652624130249, "Model_A_Canny_Edge_val_accuracy": 0.7121212121212122, "Model_B_Raw_Data_train_loss": 0.13522129133343697, "Model_B_Raw_Data_val_loss": 0.3370526358485222, "Model_B_Raw_Data_val_accuracy": 0.8787878787878788, "Model_B_Bilateral_Filter_train_loss": 0.11091213300824165, "Model_B_Bilateral_Filter_val_loss": 0.10522420145571232, "Model_B_Bilateral_Filter_val_accuracy": 0.9090909090909091, "Model_B_Canny_Edge_train_loss": 0.608098492026329, "Model_B_Canny_Edge_val_loss": 0.7756574568920769, "Model_B_Canny_Edge_val_accuracy": 0.6363636363636364, "_wandb": {"runtime": 458}}