{"Model_A_Raw_Data_train_loss": 0.8040517689660192, "epoch": 1, "_timestamp": 1729371451.4135206, "_runtime": 13.026564598083496, "_step": 0}