{"Model_A_Raw_Data_train_loss": 0.29339822358451784, "epoch": 5, "_timestamp": 1729370907.5426488, "_runtime": 278.1844527721405, "_step": 59, "Model_A_Raw_Data_val_loss": 0.15858828835189342, "Model_A_Raw_Data_val_accuracy": 0.9393939393939394, "Model_A_Bilateral_Filter_train_loss": 0.22536017885431647, "Model_A_Bilateral_Filter_val_loss": 0.562594723701477, "Model_A_Bilateral_Filter_val_accuracy": 0.8484848484848485, "Model_A_Canny_Edge_train_loss": 0.3524887156672776, "Model_A_Canny_Edge_val_loss": 2.589648299664259, "Model_A_Canny_Edge_val_accuracy": 0.45454545454545453, "Model_B_Raw_Data_train_loss": 0.5463195610791445, "Model_B_Raw_Data_val_loss": 0.6079339444637298, "Model_B_Raw_Data_val_accuracy": 0.7272727272727273, "Model_B_Bilateral_Filter_train_loss": 0.47522207349538803, "Model_B_Bilateral_Filter_val_loss": 0.5699114739894867, "Model_B_Bilateral_Filter_val_accuracy": 0.7575757575757576, "Model_B_Canny_Edge_train_loss": 1.1078614294528961, "Model_B_Canny_Edge_val_loss": 0.5312807887792588, "Model_B_Canny_Edge_val_accuracy": 0.803030303030303, "_wandb": {"runtime": 277}}