{"Model_A_Raw_Data_train_loss": 0.3534276015125215, "epoch": 5, "_timestamp": 1729375857.8019316, "_runtime": 274.64556765556335, "_step": 59, "Model_A_Raw_Data_val_loss": 0.26161597594618796, "Model_A_Raw_Data_val_accuracy": 0.9393939393939394, "Model_A_Bilateral_Filter_train_loss": 0.1314210764830932, "Model_A_Bilateral_Filter_val_loss": 0.22546597868204116, "Model_A_Bilateral_Filter_val_accuracy": 0.9242424242424242, "Model_A_Canny_Edge_train_loss": 0.6404625382274389, "Model_A_Canny_Edge_val_loss": 9.226595167641426, "Model_A_Canny_Edge_val_accuracy": 0.42424242424242425, "Model_B_Raw_Data_train_loss": 0.229879395570606, "Model_B_Raw_Data_val_loss": 0.34522092193365095, "Model_B_Raw_Data_val_accuracy": 0.9090909090909091, "Model_B_Bilateral_Filter_train_loss": 0.2064723069779575, "Model_B_Bilateral_Filter_val_loss": 0.3564594924449921, "Model_B_Bilateral_Filter_val_accuracy": 0.8636363636363636, "Model_B_Canny_Edge_train_loss": 0.7856665104627609, "Model_B_Canny_Edge_val_loss": 3.737510237096785, "Model_B_Canny_Edge_val_accuracy": 0.6060606060606061, "_wandb": {"runtime": 273}}