{"Model_B_Bilateral_Filter_val_loss":2.2798351049423218,"Model_A_Raw_Data_val_loss":1.340153083205223,"_wandb":{"runtime":783},"Model_A_Canny_Edge_val_loss":1.9773040264844894,"_timestamp":1.7294873323320723e+09,"Model_B_Raw_Data_val_accuracy":0.48484848484848486,"Model_A_Canny_Edge_val_accuracy":0.3333333333333333,"_step":155,"Model_A_Raw_Data_train_loss":0.1829200740903616,"epoch":3,"Model_B_Raw_Data_train_accuracy":0.8725099601593626,"Model_A_Canny_Edge_train_loss":0.6700491309165955,"Model_A_Bilateral_Filter_train_accuracy":0.9561752988047809,"Model_A_Canny_Edge_train_accuracy":0.7729083665338645,"_runtime":777.6011996,"Model_B_Canny_Edge_train_accuracy":0.5537848605577689,"Model_A_Raw_Data_train_accuracy":0.9402390438247012,"Model_A_Raw_Data_val_accuracy":0.5909090909090909,"Model_A_Bilateral_Filter_val_accuracy":0.8181818181818182,"Model_B_Canny_Edge_val_accuracy":0.45454545454545453,"Model_A_Bilateral_Filter_train_loss":0.13856489583849907,"Model_A_Bilateral_Filter_val_loss":0.31944042444229126,"Model_B_Raw_Data_train_loss":0.3015178553760052,"Model_B_Bilateral_Filter_val_accuracy":0.5151515151515151,"Model_B_Bilateral_Filter_train_loss":0.26128092408180237,"Model_B_Canny_Edge_train_loss":0.9370868355035782,"Model_B_Bilateral_Filter_train_accuracy":0.896414342629482,"Model_B_Canny_Edge_val_loss":1.8985843062400818,"Model_B_Raw_Data_val_loss":2.1643975973129272}