{"Model_A_Raw_Data_train_loss": 0.6114809857681394, "epoch": 1, "_timestamp": 1729376166.9812226, "_runtime": 51.798484563827515, "_step": 5, "Model_A_Raw_Data_val_loss": 5.241418027877808, "Model_A_Raw_Data_val_accuracy": 0.42424242424242425, "Model_A_Bilateral_Filter_train_loss": 0.457311499863863, "Model_A_Bilateral_Filter_val_loss": 1.4070057272911072, "Model_A_Bilateral_Filter_val_accuracy": 0.6212121212121212, "Model_A_Canny_Edge_train_loss": 1.0250351838767529, "Model_A_Canny_Edge_val_loss": 1.794997015595436, "Model_A_Canny_Edge_val_accuracy": 0.30303030303030304, "_wandb": {"runtime": 51}}