{"Model_A_Raw_Data_train_loss": 0.940157228615135, "epoch": 1, "_timestamp": 1729373530.6375136, "_runtime": 12.932400703430176, "_step": 1, "Model_A_Raw_Data_val_loss": 1.826333336532116, "Model_A_Raw_Data_val_accuracy": 0.3181818181818182}