{"Model_A_Raw_Data_train_loss": 0.4719954716662566, "epoch": 5, "_timestamp": 1729369330.740427, "_runtime": 381.13619589805603, "_step": 59, "Model_A_Raw_Data_val_loss": 0.34869742985157404, "Model_A_Raw_Data_val_accuracy": 0.8787878787878788, "Model_A_Bilateral_Filter_train_loss": 0.39248961494082496, "Model_A_Bilateral_Filter_val_loss": 0.28593384696389823, "Model_A_Bilateral_Filter_val_accuracy": 0.8787878787878788, "Model_A_Canny_Edge_train_loss": 0.6494448714786105, "Model_A_Canny_Edge_val_loss": 1.0773719812140745, "Model_A_Canny_Edge_val_accuracy": 0.3939393939393939, "Model_B_Raw_Data_train_loss": 0.6429260997545152, "Model_B_Raw_Data_val_loss": 0.5470801346442279, "Model_B_Raw_Data_val_accuracy": 0.7575757575757576, "Model_B_Bilateral_Filter_train_loss": 0.6049515789463407, "Model_B_Bilateral_Filter_val_loss": 0.5326232923304334, "Model_B_Bilateral_Filter_val_accuracy": 0.7575757575757576, "Model_B_Canny_Edge_train_loss": 1.0950259254092263, "Model_B_Canny_Edge_val_loss": 0.5811097944045768, "Model_B_Canny_Edge_val_accuracy": 0.7121212121212122, "_wandb": {"runtime": 380}}