{"Model_A_Raw_Data_train_loss": 0.20472143217921257, "epoch": 5, "_timestamp": 1729372393.5395482, "_runtime": 285.2394902706146, "_step": 59, "Model_A_Raw_Data_val_loss": 0.12306053070351482, "Model_A_Raw_Data_val_accuracy": 0.9393939393939394, "Model_A_Bilateral_Filter_train_loss": 0.19207775173708797, "Model_A_Bilateral_Filter_val_loss": 0.14739144812338054, "Model_A_Bilateral_Filter_val_accuracy": 0.9242424242424242, "Model_A_Canny_Edge_train_loss": 0.48715450800955296, "Model_A_Canny_Edge_val_loss": 2.855225293710828, "Model_A_Canny_Edge_val_accuracy": 0.4090909090909091, "Model_B_Raw_Data_train_loss": 0.5876599568873644, "Model_B_Raw_Data_val_loss": 0.5425285756587982, "Model_B_Raw_Data_val_accuracy": 0.7878787878787878, "Model_B_Bilateral_Filter_train_loss": 0.48835617676377296, "Model_B_Bilateral_Filter_val_loss": 0.5142115145921707, "Model_B_Bilateral_Filter_val_accuracy": 0.7727272727272727, "Model_B_Canny_Edge_train_loss": 1.0946239158511162, "Model_B_Canny_Edge_val_loss": 1.1733377575874329, "Model_B_Canny_Edge_val_accuracy": 0.6060606060606061, "_wandb": {"runtime": 284}}