{"Model_A_Raw_Data_train_loss": 0.2532229507341981, "epoch": 5, "_timestamp": 1729375569.7539082, "_runtime": 299.20535707473755, "_step": 59, "Model_A_Raw_Data_val_loss": 0.4766108274459839, "Model_A_Raw_Data_val_accuracy": 0.7575757575757576, "Model_A_Bilateral_Filter_train_loss": 0.17102642450481653, "Model_A_Bilateral_Filter_val_loss": 0.18124136198312044, "Model_A_Bilateral_Filter_val_accuracy": 0.9090909090909091, "Model_A_Canny_Edge_train_loss": 0.5055731758475304, "Model_A_Canny_Edge_val_loss": 3.7825545608997344, "Model_A_Canny_Edge_val_accuracy": 0.4393939393939394, "Model_B_Raw_Data_train_loss": 0.25476448331028223, "Model_B_Raw_Data_val_loss": 0.34200733453035354, "Model_B_Raw_Data_val_accuracy": 0.9090909090909091, "Model_B_Bilateral_Filter_train_loss": 0.21544401533901691, "Model_B_Bilateral_Filter_val_loss": 0.2881139725446701, "Model_B_Bilateral_Filter_val_accuracy": 0.8636363636363636, "Model_B_Canny_Edge_train_loss": 0.692146047949791, "Model_B_Canny_Edge_val_loss": 1.271084875240922, "Model_B_Canny_Edge_val_accuracy": 0.6212121212121212, "_wandb": {"runtime": 298}}