{"Model_A_Raw_Data_train_loss": 0.8364546094089746, "epoch": 1, "_timestamp": 1729371665.1072304, "_runtime": 15.274163484573364, "_step": 0}