{"Model_A_Raw_Data_train_loss": 0.22927828319370747, "epoch": 5, "_timestamp": 1729374335.524558, "_runtime": 284.75025606155396, "_step": 59, "Model_A_Raw_Data_val_loss": 0.17768501564860345, "Model_A_Raw_Data_val_accuracy": 0.9393939393939394, "Model_A_Bilateral_Filter_train_loss": 0.1906864531338215, "Model_A_Bilateral_Filter_val_loss": 0.356084943190217, "Model_A_Bilateral_Filter_val_accuracy": 0.8636363636363636, "Model_A_Canny_Edge_train_loss": 0.42782304901629686, "Model_A_Canny_Edge_val_loss": 1.3641205988824368, "Model_A_Canny_Edge_val_accuracy": 0.5454545454545454, "Model_B_Raw_Data_train_loss": 0.675164183601737, "Model_B_Raw_Data_val_loss": 0.5541179895401, "Model_B_Raw_Data_val_accuracy": 0.803030303030303, "Model_B_Bilateral_Filter_train_loss": 0.5139473956078291, "Model_B_Bilateral_Filter_val_loss": 0.5000971049070358, "Model_B_Bilateral_Filter_val_accuracy": 0.8939393939393939, "Model_B_Canny_Edge_train_loss": 1.0951789543032646, "Model_B_Canny_Edge_val_loss": 1.6102450790815055, "Model_B_Canny_Edge_val_accuracy": 0.7121212121212122, "_wandb": {"runtime": 283}}