{"Model_A_Raw_Data_train_loss": 1.1355694116108002, "epoch": 1, "_timestamp": 1729367819.043029, "_runtime": 16.400650024414062, "_step": 1, "Model_A_Raw_Data_val_loss": 0.6981560324921328, "Model_A_Raw_Data_val_accuracy": 0.6666666666666666, "_wandb": {"runtime": 24}}