{"Model_A_Raw_Data_train_loss": 0.2179117021150887, "epoch": 5, "_timestamp": 1729374808.425844, "_runtime": 276.1855158805847, "_step": 59, "Model_A_Raw_Data_val_loss": 0.21442296281456946, "Model_A_Raw_Data_val_accuracy": 0.9393939393939394, "Model_A_Bilateral_Filter_train_loss": 0.22984864097088575, "Model_A_Bilateral_Filter_val_loss": 0.34896097453311087, "Model_A_Bilateral_Filter_val_accuracy": 0.7727272727272727, "Model_A_Canny_Edge_train_loss": 0.5679280702024698, "Model_A_Canny_Edge_val_loss": 22.14349875919288, "Model_A_Canny_Edge_val_accuracy": 0.3939393939393939, "Model_B_Raw_Data_train_loss": 0.6694274358451366, "Model_B_Raw_Data_val_loss": 0.5872239232063293, "Model_B_Raw_Data_val_accuracy": 0.7121212121212122, "Model_B_Bilateral_Filter_train_loss": 0.5509965531527996, "Model_B_Bilateral_Filter_val_loss": 0.5355403810739517, "Model_B_Bilateral_Filter_val_accuracy": 0.6818181818181818, "Model_B_Canny_Edge_train_loss": 1.1360982581973076, "Model_B_Canny_Edge_val_loss": 0.5962672233581543, "Model_B_Canny_Edge_val_accuracy": 0.6818181818181818, "_wandb": {"runtime": 275}}