{"Model_A_Raw_Data_train_loss": 0.9959311708807945, "epoch": 1, "_timestamp": 1729370589.5830705, "_runtime": 15.731609582901001, "_step": 1, "Model_A_Raw_Data_val_loss": 12.961952639929951, "Model_A_Raw_Data_val_accuracy": 0.5151515151515151}