{"Model_A_Raw_Data_train_loss": 1.11083790846169, "epoch": 1, "_timestamp": 1729369836.892155, "_runtime": 48.30179500579834, "_step": 6, "Model_A_Raw_Data_val_loss": 17.565924026072025, "Model_A_Raw_Data_val_accuracy": 0.5606060606060606, "Model_A_Bilateral_Filter_train_loss": 0.4537257980555296, "Model_A_Bilateral_Filter_val_loss": 1.0425569299608468, "Model_A_Bilateral_Filter_val_accuracy": 0.696969696969697, "Model_A_Canny_Edge_train_loss": 0.9532837681472301, "Model_A_Canny_Edge_val_loss": 3.485642936779186, "Model_A_Canny_Edge_val_accuracy": 0.4090909090909091, "Model_B_Raw_Data_train_loss": 1.0996260195970535, "_wandb": {"runtime": 47}}