{"Model_A_Raw_Data_train_loss": 0.7481892307599386, "epoch": 2, "_timestamp": 1729223770.462062, "_runtime": 153.85689783096313, "_step": 23, "Model_A_Raw_Data_val_loss": 0.5708525418029988, "Model_A_Raw_Data_val_accuracy": 0.6515151515151515, "Model_A_Bilateral_Filter_train_loss": 0.6640764266725571, "Model_A_Bilateral_Filter_val_loss": 0.38026820616248774, "Model_A_Bilateral_Filter_val_accuracy": 0.8333333333333334, "Model_A_Canny_Edge_train_loss": 0.8991281456417508, "Model_A_Canny_Edge_val_loss": 48.39345617855297, "Model_A_Canny_Edge_val_accuracy": 0.3939393939393939, "Model_B_Raw_Data_train_loss": 0.8895993081350175, "Model_B_Raw_Data_val_loss": 0.7266969119801241, "Model_B_Raw_Data_val_accuracy": 0.7424242424242424, "Model_B_Bilateral_Filter_train_loss": 0.7810389702282254, "Model_B_Bilateral_Filter_val_loss": 0.6320458440219655, "Model_B_Bilateral_Filter_val_accuracy": 0.7575757575757576, "Model_B_Canny_Edge_train_loss": 1.1499078330539523, "Model_B_Canny_Edge_val_loss": 0.8194893949172076, "Model_B_Canny_Edge_val_accuracy": 0.7424242424242424, "_wandb": {"runtime": 153}}