{"Model_A_Raw_Data_train_loss": 0.25036138016730547, "epoch": 5, "_timestamp": 1729370175.5323834, "_runtime": 262.4093863964081, "_step": 59, "Model_A_Raw_Data_val_loss": 0.17777731362730265, "Model_A_Raw_Data_val_accuracy": 0.9393939393939394, "Model_A_Bilateral_Filter_train_loss": 0.1989126915577799, "Model_A_Bilateral_Filter_val_loss": 0.22574298903346063, "Model_A_Bilateral_Filter_val_accuracy": 0.9242424242424242, "Model_A_Canny_Edge_train_loss": 0.45391443464905024, "Model_A_Canny_Edge_val_loss": 0.9307295978069305, "Model_A_Canny_Edge_val_accuracy": 0.5151515151515151, "Model_B_Raw_Data_train_loss": 0.7583291232585907, "Model_B_Raw_Data_val_loss": 0.7228756070137023, "Model_B_Raw_Data_val_accuracy": 0.6363636363636364, "Model_B_Bilateral_Filter_train_loss": 0.7471629995852709, "Model_B_Bilateral_Filter_val_loss": 0.6923995971679687, "Model_B_Bilateral_Filter_val_accuracy": 0.6666666666666666, "Model_B_Canny_Edge_train_loss": 1.1375103890895844, "Model_B_Canny_Edge_val_loss": 0.7494821310043335, "Model_B_Canny_Edge_val_accuracy": 0.7272727272727273, "_wandb": {"runtime": 261}}