{"Model_A_Raw_Data_train_loss": 0.7614457467570901, "epoch": 1, "_timestamp": 1729371883.8596153, "_runtime": 12.145599365234375, "_step": 0, "_wandb": {"runtime": 144}}