{"Model_A_Raw_Data_train_loss": 0.31597794964909554, "epoch": 2, "_timestamp": 1729481222.8209941, "_runtime": 511.6152651309967, "_step": 15, "Model_A_Raw_Data_val_loss": 4.864681720733643, "Model_A_Raw_Data_val_accuracy": 0.5, "Model_A_Bilateral_Filter_train_loss": 0.13350854068994522, "Model_A_Bilateral_Filter_val_loss": 0.8021143375958673, "Model_A_Bilateral_Filter_val_accuracy": 0.7575757575757576, "Model_A_Canny_Edge_train_loss": 1.1432496458292007, "Model_A_Canny_Edge_val_loss": 1.947494269348681, "Model_A_Canny_Edge_val_accuracy": 0.6060606060606061, "Model_B_Raw_Data_train_loss": 1.258480042219162, "Model_B_Raw_Data_val_loss": 1.090817391872406, "Model_B_Raw_Data_val_accuracy": 0.5757575757575758, "Model_B_Bilateral_Filter_train_loss": 0.663481742143631, "Model_B_Bilateral_Filter_val_loss": 1.0951439142227173, "Model_B_Bilateral_Filter_val_accuracy": 0.3939393939393939, "Model_B_Canny_Edge_train_loss": 1.1995912492275238, "Model_B_Canny_Edge_val_loss": 1.1505910754203796, "Model_B_Canny_Edge_val_accuracy": 0.3939393939393939}