{"Model_A_Raw_Data_train_loss": 0.13578607747331262, "epoch": 10, "_timestamp": 1729377423.6452494, "_runtime": 518.5175633430481, "_step": 119, "Model_A_Raw_Data_val_loss": 0.44203317165374756, "Model_A_Raw_Data_val_accuracy": 0.8333333333333334, "Model_A_Bilateral_Filter_train_loss": 0.11324111558496952, "Model_A_Bilateral_Filter_val_loss": 1.0082373656332493, "Model_A_Bilateral_Filter_val_accuracy": 0.8484848484848485, "Model_A_Canny_Edge_train_loss": 0.2866572570055723, "Model_A_Canny_Edge_val_loss": 0.8623474637667338, "Model_A_Canny_Edge_val_accuracy": 0.8484848484848485, "Model_B_Raw_Data_train_loss": 0.2806389797478914, "Model_B_Raw_Data_val_loss": 0.36295536657174426, "Model_B_Raw_Data_val_accuracy": 0.8939393939393939, "Model_B_Bilateral_Filter_train_loss": 0.14780382346361876, "Model_B_Bilateral_Filter_val_loss": 0.320993036031723, "Model_B_Bilateral_Filter_val_accuracy": 0.9090909090909091, "Model_B_Canny_Edge_train_loss": 0.5580409727990627, "Model_B_Canny_Edge_val_loss": 0.30887434879938763, "Model_B_Canny_Edge_val_accuracy": 0.8484848484848485, "_wandb": {"runtime": 517}}