{"Model_A_Raw_Data_train_loss": 0.8884626310318708, "epoch": 1, "_timestamp": 1729375100.5228782, "_runtime": 32.66673421859741, "_step": 5, "Model_A_Raw_Data_val_loss": 8.904618883132935, "Model_A_Raw_Data_val_accuracy": 0.24242424242424243, "Model_A_Bilateral_Filter_train_loss": 0.38763708621263504, "Model_A_Bilateral_Filter_val_loss": 5.567437714338297, "Model_A_Bilateral_Filter_val_accuracy": 0.5454545454545454, "Model_A_Canny_Edge_train_loss": 1.0527509115636349, "Model_A_Canny_Edge_val_loss": 19.190818241203306, "Model_A_Canny_Edge_val_accuracy": 0.3939393939393939, "_wandb": {"runtime": 32}}